	CroCor_0	CroCor_1	CroCor_2
0	0.77076	-0.22262222222222222	-0.44535
1	0.7113846153846153	-0.07833333333333334	-0.3580363636363636
2	0.9292384615384617	-0.18238333333333334	-0.22261818181818185
3	0.8122916666666666	-0.22155142857142865	0.13238235294117642
4	0.8648083333333333	-0.31971428571428573	0.0920058823529412
5	1.0464818181818183	-0.14135238095238092	0.15638000000000002
6	0.7698047619047619	-0.22554500000000002	0.07299999999999998
7	1.01	-0.4156	0.45599999999999996
8	1.1051	-0.33953600000000006	0.2528166666666667
9	0.3980222222222223	0.049437499999999995	0.04368571428571428
10	1.0486416666666665	-0.35603636363636365	-0.040080000000000005
11	0.7124458333333332	-0.19526956521739133	-0.0838090909090909
12	1.0924200000000002	-0.29742068965517254	0.2298428571428571
13	1.000811111111111	-0.4167500000000001	-0.07485714285714286
14	0.6181222222222221	-0.04448235294117643	-0.05123749999999999
15	0.8438125000000001	-0.2555714285714286	0.16389999999999996
16	1.1496	0.73915	-0.15257142857142858
17	1.1496	0.40839999999999993	-0.15257142857142858
18	1.1240444444444444	0.37965	-0.4599428571428571
19	0.7727800000000001	0.11241428571428569	-0.2652769230769231
20	1.1240444444444444	0.44444999999999996	-0.2501142857142858
21	0.81448125	0.2854	0.10564285714285715
22	1.5099999999999998	0.5800000000000001	0.33
23	1.2366999999999997	0.7231666666666667	0.15980000000000003
24	1.0404999999999998	0.527525	0.073
25	1.0377764705882355	-0.40352499999999997	-0.27504666666666666
26	1.4446625	-0.2486933333333333	-0.13594285714285717
27	0.9015533333333337	-0.14845714285714287	-0.21286153846153852
28	1.2414	-0.07766250000000006	0.09973333333333333
29	1.4092687499999998	-0.13961333333333328	-0.16666428571428568
30	0.6625000000000001	-0.10893333333333334	0.10545454545454541
31	0.9712000000000002	-0.5379636363636364	0.12980000000000003
32	1.162711111111111	-0.24938823529411772	-0.11757499999999996
33	0.9221266666666669	-0.22152857142857144	-0.028138461538461557
34	1.4296153846153847	-0.04641666666666666	-0.3488727272727273
35	1.956270588235294	0.31804375	0.22066666666666668
36	0.7949333333333334	-0.22160000000000002	-0.15068461538461536
37	1.2826499999999998	0.2682866666666667	-0.04630000000000001
38	0.96846	0.09769473684210532	0.2159388888888889
39	0.5011500000000001	0.04844000000000001	0.21710000000000002
40	1.3694733333333333	-0.4842000000000001	-0.2719230769230769
41	0.6465857142857143	-0.5407000000000001	0.4840399999999999
42	0.93773	0.24341052631578944	0.02358888888888893
43	0.8162500000000001	0.12520000000000006	0.04726666666666668
44	0.6915700000000001	-0.26444444444444454	-0.143975
45	1.0030428571428571	-0.11466666666666658	0.12000000000000002
46	0.9834333333333333	-0.253635294117647	-0.21505
47	1.07409	-0.7476666666666667	0.7903500000000001
48	1.3479714285714284	0.0049099999999999925	-0.5008947368421052
49	1.61704	0.7452	0.5428000000000001
50	0.7108	-0.31731428571428566	-0.2412
51	0.5559428571428572	-0.0942	0.22960000000000003
52	1.0166625	-0.18639999999999995	-0.3528000000000001
53	0.7351000000000001	0.16388571428571433	0.3610666666666667
54	0.42426666666666674	-0.24695999999999999	0.2706
55	0.7169200000000001	0.31017777777777783	0.2633000000000001
56	0.6524800000000001	-0.2922	0.41240000000000004
57	0.6337200000000001	-0.04333333333333335	0.06105000000000002
58	1.3388999999999998	0.036400000000000085	-0.31160000000000004
59	1.0463333333333331	0.11130909090909094	-0.19224000000000002
60	0.7514399999999999	0.19093333333333337	0.012499999999999983
61	0.7801846153846154	0.233	-0.10512727272727274
62	0.7244666666666667	0.006399999999999984	0.37970000000000004
63	1.1078000000000001	-0.7756000000000001	-0.02749999999999997
64	0.6409714285714286	0.24653333333333335	-0.3285600000000001
65	0.48229000000000005	-0.1272	-0.13640000000000002
66	0.2650428571428572	-0.1138	-0.020240000000000008
67	0.23586000000000001	-0.04654999999999999	0.061599999999999995
68	0.5067	0.29300000000000004	-0.004099999999999996
69	0.6428333333333334	-0.217125	0.3894000000000001
70	0.2823666666666667	0.02232	0.15555
71	0.3149272727272727	0.14648	0.03926666666666665
72	0.8913625000000001	-0.3008571428571428	0.08486666666666666
73	0.8620333333333334	-0.17787142857142854	0.30230769230769217
74	2.1298666666666666	-0.9902000000000001	-0.3299428571428571
75	1.3830545454545453	0.41000000000000003	0.21293333333333334
76	1.710553846153846	-0.7387333333333334	-0.7855272727272727
77	0.6472222222222223	-0.19006249999999997	0.07199999999999998
78	1.2484333333333333	-0.2695636363636363	-0.051360000000000086
79	0.6109625000000002	0.013228571428571432	0.33826666666666655
80	1.2036	0.16987499999999997	0.4938733333333333
81	0.9876285714285716	0.021251851851851862	0.0748
82	0.8369680000000002	-0.07664166666666669	-0.38735652173913043
83	1.0325000000000002	-0.22254545454545455	0.047640000000000036
84	1.23665	-0.3662857142857141	0.48533333333333334
85	0.9277611111111111	0.10557647058823527	-0.10567500000000003
86	1.0865999999999998	0.13033750000000002	-0.002293333333333318
87	0.87538	-0.14656666666666668	-0.45149999999999996
88	0.7825454545454545	-0.19543809523809527	-0.02024999999999998
89	0.9960272727272728	-0.0977238095238095	-0.13657999999999998
90	1.2851555555555554	0.04571764705882356	-0.32575
91	1.6262733333333332	-0.509942857142857	0.21913846153846156
92	1.5173333333333332	-0.07651499999999996	-0.2658210526315789
93	0.7596705882352941	0.09422500000000002	-0.07426666666666666
94	0.6217350000000001	0.05547368421052631	-0.16339444444444443
95	0.7186266666666669	-0.008828571428571411	-0.31433846153846157
96	0.7777375000000001	-0.0257466666666667	-0.36707142857142855
97	1.0864800000000001	-0.3914	-0.4370769230769231
98	1.713521052631579	0.0010555555555555288	-1.191870588235294
99	0.7270733333333333	-0.16080000000000005	-0.2388769230769231
100	1.1105562499999997	-0.5292933333333333	-0.13717142857142853
101	0.8307043478260867	0.07838181818181816	-0.28939047619047614
102	0.8042944444444444	-0.19517647058823528	-0.10164999999999999
103	1.231336842105263	-0.1862777777777778	-0.05140000000000001
104	0.903745	-0.07399999999999998	-0.2733333333333332
105	1.1308133333333332	-0.05735714285714287	-0.17033846153846152
106	1.4544304347826087	-0.12898181818181817	-0.11496190476190483
107	1.445552631578947	-0.020266666666666676	-0.41140588235294123
108	0.7643833333333332	-0.3402588235294117	-0.043406249999999987
109	0.35956	-0.11627777777777777	0.059075000000000016
110	0.6740600000000001	-0.004099999999999999	-0.047875
111	1.0081700000000002	-0.18186666666666668	0.57755
112	0.7089300000000002	-0.0010222222222222082	0.19194999999999995
113	0.33368	0.2760444444444445	0.27399999999999997
114	0.5858800000000002	0.5047111111111112	0.48255000000000003
115	0.6238800000000001	0.4722222222222222	0.38255
116	0.32372	0.20413333333333336	0.11225
117	1.14336	0.20017777777777773	-0.68035
118	1.0323200000000001	0.2843111111111111	0.08790000000000002
119	1.5718399999999997	0.3728444444444444	0.23900000000000005
120	1.56385	0.29140000000000005	-0.06504999999999998
121	1.5272500000000002	-0.17564444444444446	-0.252075
122	0.9476800000000001	-0.07431111111111112	-0.3269
123	0.5854900000000001	0.10995555555555558	-0.03609999999999998
124	0.7461800000000001	0.2551555555555556	-0.38732500000000003
125	0.88784	-0.20077777777777775	0.136125
126	0.45854000000000006	-0.04305555555555554	-0.04925000000000001
127	0.5634	-0.15299999999999997	-0.11848750000000001
128	0.7828200000000001	-0.4333111111111111	0.1163125
129	1.4309300000000003	-0.3676666666666667	-0.574825
130	1.3351	-0.03344444444444443	-0.8421375000000001
131	1.1314	0.23174444444444445	-0.13282499999999997
132	0.9344699999999999	0.3610555555555556	0.1575
133	0.90574	0.06728888888888888	-0.046424999999999994
134	1.16049	0.4187555555555556	0.12705
135	1.88529	-0.08364444444444447	-0.961975
136	1.1430799999999999	-0.16422222222222224	-0.53955
137	1.18089	-0.17144444444444445	-0.36102500000000004
138	0.6071000000000002	-0.19717777777777779	-0.09752500000000004
139	0.87342	-0.1565777777777778	0.09637500000000002
140	0.9348600000000001	-0.2711777777777778	-0.07067500000000002
141	0.9263300000000001	0.18879999999999997	-0.19190000000000002
142	1.34754	0.05964444444444444	0.159
143	1.3927400000000003	-0.08877777777777779	0.16939999999999994
144	1.15974	-0.03225555555555555	0.0045499999999999985
145	0.58246	0.04777777777777778	0.13612500000000002
146	0.4288600000000001	-0.0762888888888889	0.07770000000000002
147	0.41902	-0.06575555555555555	0.03125000000000001
148	0.70542	0.12400000000000004	-0.228225
149	0.84841	0.06177777777777779	-0.4439750000000001
150	1.3351700000000002	0.07528888888888889	-0.3941
151	1.9185399999999997	0.08331111111111114	-1.2075
152	1.8487799999999996	-0.5548666666666666	-0.5018
153	1.85898	-0.20840000000000003	-0.30795000000000006
154	2.30239	0.5223	1.0945999999999998
155	2.29751	0.22838888888888886	0.33009999999999995
156	1.15375	-0.29051111111111116	0.0026124999999999933
157	1.87594	-0.39964444444444436	0.211125
158	0.9997299999999999	0.09988888888888889	-0.264675
159	0.6275999999999999	-0.16391111111111112	0.10774999999999998
160	0.50573	-0.1065777777777778	0.08155000000000003
161	0.64372	-0.3342222222222222	0.20675
162	1.0648399999999998	-0.4664444444444446	0.041499999999999954
163	1.5623999999999998	-0.40840000000000004	-0.50335
164	1.37356	-0.4474666666666666	-0.31209999999999993
165	0.7724799999999999	-0.394888888888889	0.30994999999999995
166	1.2153800000000001	-0.018155555555555578	0.00032499999999997115
167	1.1187	-0.47	0.0908
168	0.81702	-0.29611111111111105	0.108425
169	1.0610166666666667	0.64184	0.36
170	0.7616833333333332	0.2568	-0.19720000000000001
171	0.8270833333333334	0.3336	0.11824999999999997
172	0.6308166666666667	-0.3064	0.37105
173	0.7458333333333332	-0.6414000000000001	0.503375
174	0.6278166666666666	-0.1564	0.3118
175	0.6936833333333333	0.10359999999999996	0.2091
176	0.7347666666666667	0.40571999999999997	-0.10324999999999998
177	0.8270833333333334	0.44399999999999995	-0.023499999999999965
178	0.6258333333333334	0.29219999999999996	-0.33975
179	0.6308166666666667	0.27504	-0.3755
180	0.7458333333333332	0.18660000000000002	-0.55975
181	0.6278166666666667	0.31464	-0.29300000000000004
182	0.7268166666666667	0.19584000000000004	-0.5405
183	0.6936833333333333	0.38327999999999995	-0.15
184	0.8270833333333334	0.44399999999999995	-0.023499999999999965
185	0.8632166666666666	0.7243999999999999	0.36
186	0.6638166666666666	0.36216	-0.194
187	0.7166833333333332	0.20111999999999997	-0.5295000000000001
188	0.7604166666666666	0.18	-0.5735
189	0.6894833333333333	0.38064	-0.1555
190	0.6638166666666666	0.023599999999999975	0.24070000000000003
191	0.7604166666666666	-0.6664000000000001	0.51325
192	0.6894833333333333	0.09359999999999999	0.21305
193	0.7508333333333334	0.17309999999999995	-0.29175
194	0.7528166666666666	0.21899999999999994	-0.2399
195	0.8186833333333333	0.35939999999999994	-0.08130000000000004
196	1.0770833333333332	0.5645999999999999	0.1504999999999999
197	0.7888166666666666	0.3161999999999999	-0.13010000000000002
198	0.8854166666666666	-0.05640000000000005	-0.5509999999999999
199	0.8144833333333333	0.3539999999999999	-0.0874
200	0.9540666666666667	0.51488	0.1185
201	0.9490833333333333	0.4806	0.14150000000000001
202	1.1966833333333333	0.3468000000000001	-0.24475000000000002
203	1.0062833333333334	0.34631999999999996	-0.6175
204	1.1966833333333333	0.4572	-0.3865
205	1.2308333333333334	0.69	-0.06250000000000004
206	1.3216833333333333	0.4967999999999999	-0.30400000000000005
207	0.7472000000000002	0.21392000000000003	0.1044
208	0.9722	0.46912000000000004	0.43089999999999995
209	0.35463333333333336	-0.17128000000000002	-0.057100000000000005
210	0.5234000000000001	0.019520000000000003	0.018299999999999997
211	0.7693500000000001	0.28924000000000005	0.6328
212	1.2890666666666668	0.32824	-0.269
213	0.5319666666666668	-0.051400000000000015	0.0656
214	1.9976833333333335	0.18119999999999994	0.25649999999999995
215	0.3349166666666667	-0.18460000000000001	0.030875
216	1.2314666666666667	0.20351999999999998	-0.1412
217	0.31826666666666664	-0.012	-0.048
218	0.5928666666666668	-0.29159999999999997	0.3291
219	1.5734833333333336	-0.7582000000000001	0.16800000000000004
220	1.8665666666666665	-0.6701999999999999	0.3045
221	1.4011500000000001	-0.4984	-0.57675
222	0.6953499999999999	0.6314	0.44055
223	0.7624	-0.59392	0.4615
224	1.0374166666666667	-0.8238	0.6904999999999999
225	0.8616	-0.324	0.5093999999999999
226	1.6906666666666663	-0.68312	0.047800000000000065
227	1.03155	-0.48539999999999994	0.12159999999999997
228	0.9624666666666668	0.198	-0.07139999999999994
229	1.8494000000000002	0.12807999999999997	-0.5502
230	1.8642833333333335	0.396	-0.3662500000000001
231	0.835	-0.38680000000000014	0.29079999999999995
232	1.0248666666666668	-0.012719999999999999	-0.21000000000000002
233	1.7070833333333333	-0.28715999999999997	0.11775
234	1.8665666666666665	0.1748	-0.9206249999999999
235	1.1125333333333334	-0.41880000000000017	-0.5609999999999999
236	0.3242	-0.045919999999999996	-0.2939
237	0.7094999999999999	0.215	0.033175
238	0.8701500000000001	0.10584	-0.67275
239	0.7361333333333334	-0.32952	-0.036000000000000004
240	1.2062666666666668	-0.6468	-0.19099999999999998
241	2.1275333333333335	-0.6452	-0.5249999999999999
242	0.7678666666666666	0.61896	0.27079999999999993
243	0.46540000000000004	-0.13160000000000002	0.11430000000000001
244	1.0531333333333335	-0.12688000000000005	-1.0545
245	1.0912666666666666	-1.0180000000000002	1.0205
246	0.6755333333333332	-0.1412	0.06119999999999999
247	0.5372833333333334	-0.31912000000000007	-0.03385000000000002
248	0.6316833333333335	-0.3764	-0.016699999999999993
249	0.5907333333333333	-0.08615999999999999	-0.19250000000000003
250	1.57175	0.223	-0.543
251	0.787	0.035840000000000025	-0.34650000000000003
252	0.5650666666666667	-0.011679999999999979	-0.41100000000000003
253	0.5324833333333333	0.46180000000000004	0.21479999999999996
254	1.6897333333333335	0.46216	-0.9948
255	0.6295	0.0376	0.010050000000000003
256	0.8918166666666667	0.205	-0.6234999999999999
257	0.8690833333333333	0.31060000000000004	0.08955
258	1.6626	0.5955999999999999	-0.6168
259	0.7716000000000002	0.40104000000000006	0.21080000000000004
260	0.44075	0.019840000000000003	-0.0713
261	1.5641333333333334	-0.3376799999999999	0.30379999999999996
262	0.93915	0.04707999999999997	0.09099999999999997
263	0.6409499999999999	0.5404	0.6325
264	0.46101666666666663	0.06336	0.027500000000000004
265	0.8829333333333333	-0.016239999999999997	0.3522
266	0.57835	0.07936000000000001	0.0031000000000000194
267	2.6914666666666665	0.7048800000000001	-2.275
268	0.5856333333333333	0.17678	-0.1915
269	0.6832166666666667	0.6118	0.45415
270	0.5979500000000001	-0.36719999999999997	-0.11365000000000001
271	0.8240666666666666	-0.6068	0.6293000000000001
272	1.1070000000000002	-0.15176000000000006	-1.1335
273	0.5278	-0.26248000000000005	0.07419999999999999
274	1.0457333333333334	0.68728	0.5436000000000001
275	0.6244166666666667	0.13487999999999997	0.23399999999999999
276	0.8244000000000001	0.26024	0.44000000000000006
277	0.7399333333333334	-0.18191999999999997	0.4692
278	0.5857000000000001	-0.07008	0.300625
279	0.28381666666666666	0.09988000000000001	0.08155000000000001
280	0.19006666666666663	-0.009599999999999994	0.0954
281	0.4749833333333333	0.32927999999999996	0.06367499999999998
282	1.0100833333333334	-0.24580000000000002	-0.3082500000000001
283	0.5822833333333334	0.4462400000000001	0.37905
284	1.3142166666666666	-0.4687999999999999	-0.6001499999999999
285	0.7003333333333334	0.39464	-0.11369999999999991
286	0.6523000000000001	0.23070000000000004	0.25310000000000005
287	0.5063000000000001	-0.04268000000000001	-0.17945000000000003
288	0.5856333333333333	-0.1447	0.037999999999999985
289	0.39280000000000004	0.39440000000000003	0.3937
290	0.6622166666666667	-0.24508000000000002	-0.16015
291	0.97995	0.26536	-0.10789999999999998
292	0.4750666666666667	0.2028	0.2184
293	0.2889333333333334	-0.01848	-0.1482
294	1.1938666666666666	0.35688	0.2886
295	0.6347	-0.18452	0.0031000000000000194
296	0.43543333333333334	-0.32172	0.163575
297	0.32775	-0.005320000000000003	-0.02435000000000001
298	0.27873333333333333	-0.048720000000000006	-0.2703
299	0.5321166666666667	0.41798	0.25287499999999996
300	1.4533666666666667	0.7578800000000001	0.318875
301	0.2869	-0.0382	-0.05665
302	1.1511500000000001	-0.06920000000000004	-0.28874999999999995
303	0.6309166666666668	-0.19990000000000002	-0.23425
304	1.30865	0.033299999999999996	-0.663375
305	0.6465500000000001	-0.316	0.54325
306	0.5856333333333333	0.09369999999999998	-0.49375
307	0.5066333333333334	0.22669999999999998	-0.04125000000000001
308	0.4252833333333333	-0.31584	0.18125000000000002
309	0.2630166666666667	0.03216000000000001	-0.057150000000000006
310	0.7486666666666668	-0.3068000000000001	0.617
311	0.4895666666666667	0.07317999999999997	-0.22494999999999998
312	0.9570666666666666	0.7068000000000001	0.069
313	0.9602833333333333	0.73588	0.15974999999999998
314	0.6694833333333333	0.36612	0.09555000000000002
315	0.9566833333333333	0.7456	0.09275000000000005
316	0.6754333333333333	0.0398	-0.19287500000000002
317	1.1588	1.16104	1.0293999999999999
318	0.7845833333333333	-0.22850000000000006	0.09937499999999999
319	1.5375666666666667	-0.015500000000000024	-0.29325
320	0.9048833333333333	0.59188	-0.10274999999999994
321	0.4267	0.16105999999999998	-0.23915000000000003
322	0.8795666666666667	-0.32994	0.3732
323	0.5020166666666667	0.03660000000000002	0.28590000000000004
324	0.6681499999999999	-0.08887999999999999	0.08130000000000004
325	0.5392833333333333	-0.27288	-0.2459
326	1.6195333333333333	0.33552	-0.6598999999999999
327	0.8950000000000001	-0.362	0.14379999999999998
328	0.6028166666666667	-0.19176	0.512
329	0.91655	0.42508	0.002999999999999975
330	0.7654000000000001	0.3836	-0.3267
331	0.8398833333333334	0.6584	0.13235000000000005
332	0.7182666666666666	0.4727199999999999	0.2152
333	1.1150666666666667	1.11304	1.1099999999999999
334	0.8820166666666668	0.13491999999999998	-0.18270000000000006
335	0.7182666666666666	0.27144	0.11159999999999998
336	0.8558666666666667	0.24935999999999997	0.5388
337	1.1366	0.23815999999999998	-0.6832
338	1.3988000000000003	1.22552	1.1099999999999999
339	0.9822666666666667	0.39879999999999993	-0.01639999999999997
340	0.7911666666666668	0.03389999999999996	-0.47395000000000004
341	0.6274166666666666	0.16932	-0.17365
342	0.767	0.16623999999999997	0.23909999999999998
343	0.8526833333333332	-0.5242000000000001	0.18109999999999998
344	0.9632666666666667	-0.6652000000000001	-0.12420000000000009
345	0.8570333333333334	-0.1871200000000001	-0.02975
346	0.7620166666666667	-0.4967600000000001	0.22799999999999998
347	1.2294166666666666	0.35828000000000004	-0.1315
348	1.1366	0.35063999999999995	-0.38350000000000006
349	1.0729333333333335	1.0010400000000002	0.849
350	0.4012833333333334	0.192	0.3084
351	0.5607666666666667	0.22544	0.25099999999999995
352	1.14835	0.9204000000000001	0.5715
353	0.7194333333333334	0.5969	0.22215
354	0.5338333333333334	-0.07250000000000004	-0.024250000000000004
355	1.0699333333333334	-0.55768	-0.14850000000000002
356	1.5882833333333333	0.6342000000000001	-0.47875
357	0.9858666666666668	-0.12072000000000002	0.03360000000000002
358	1.9392833333333332	-0.3690000000000001	-0.664
359	0.9145333333333333	0.22991999999999999	0.7221
360	0.9026000000000001	-0.032240000000000005	-0.5155000000000001
361	0.49499999999999994	0.05759999999999997	0.1656
362	0.5456833333333333	0.05908	-0.43875000000000003
363	0.5440166666666666	0.18624000000000002	-0.4028999999999999
364	0.44968333333333327	0.03988	-0.37425
365	1.4652666666666665	-0.0816	0.21030000000000004
366	0.8508833333333333	0.004799999999999982	0.55125
367	0.7811499999999999	0.08224000000000002	-0.18394999999999997
368	1.42715	-0.0742	-0.39199999999999996
369	1.0683500000000001	-0.09360000000000002	-0.8317499999999999
370	1.4416	1.3232	1.392
371	0.9863333333333334	0.06239999999999999	-0.24930000000000008
372	0.7517333333333335	0.10103999999999999	-0.3528
373	1.0332000000000001	-0.15191999999999997	-0.7199999999999999
374	0.5410166666666667	-0.26183999999999996	0.11415000000000002
375	0.6568666666666667	-0.024960000000000003	0.3315
376	1.35125	0.7054999999999999	0.368125
377	0.60905	-0.18360000000000004	0.39185
378	0.5126833333333333	-0.11024	-0.37305
379	0.64095	0.5221599999999998	0.6493
380	0.6236166666666666	0.22779999999999995	-0.12835000000000002
381	0.59795	-0.22608	-0.27925
382	0.7759333333333333	-0.10368	0.5712
383	0.4012166666666667	-0.21960000000000002	0.25639999999999996
384	0.9418833333333333	-0.1426	0.40575000000000006
385	0.5836666666666667	0.18047999999999997	-0.3909
386	0.5440166666666667	0.31872	-0.2433
387	0.48766666666666664	0.16127999999999995	-0.3189
388	1.4652666666666665	0.27359999999999995	0.28950000000000004
389	1.0332000000000001	-0.08279999999999998	-0.9576
390	0.5506666666666666	0.05544000000000001	-0.4134
391	0.4840166666666667	0.05628000000000002	-0.34125
392	0.5646	0.09503999999999999	0.297
393	0.5270333333333334	-0.099	0.10922499999999997
394	0.5676	-0.0057599999999999926	0.27449999999999997
395	0.588	0.34344	-0.06839999999999999
396	0.5770166666666666	0.3342	-0.13439999999999996
397	1.0332	-0.15191999999999997	-0.6335999999999999
398	0.2816666666666667	0.12576	-0.026400000000000007
399	0.3564	0.18504	-0.07200000000000001
400	0.5248666666666667	-0.13344	0.2328
401	0.31906666666666667	0.0019199999999999883	-0.09930000000000001
402	0.2816666666666667	0.041280000000000004	-0.1776
403	0.2860666666666667	0.023039999999999998	-0.1785
404	0.5248666666666667	-0.06432	0.08159999999999999
405	0.34473333333333334	0.032720000000000006	-0.08250000000000002
406	0.41566666666666663	-0.15576	-0.2649
407	0.2816666666666667	0.041280000000000004	-0.2832
408	0.32339999999999997	0.10368	-0.24570000000000003
409	0.44933333333333336	0.11336000000000002	-0.2856
410	0.44344999999999996	0.28408	0.014874999999999992
411	1.2695333333333332	-0.54936	0.27630000000000005
412	0.44931666666666664	0.31583999999999995	0.054574999999999985
413	0.3401666666666667	0.12713999999999998	-0.1813
414	0.32115	0.17296	-0.043550000000000005
415	1.16855	0.1292	-0.08199999999999996
416	1.1072	-0.57592	-0.242
417	0.7295666666666666	-0.006360000000000016	-0.5215
418	0.7039	0.010159999999999985	-0.43925
419	0.8731666666666668	0.6301000000000001	0.4235000000000001
420	0.89515	-0.42855999999999994	0.60495
421	0.4982166666666667	0.34692	0.04995000000000002
422	1.4194666666666667	0.40632	-0.20579999999999998
423	0.5505333333333333	-0.050880000000000036	0.1908
424	0.48688333333333333	-0.11520000000000004	-0.0102
425	0.5501333333333334	-0.032400000000000005	-0.058000000000000024
426	0.508	0.12304	0.18159999999999998
427	0.5789333333333334	-0.39984000000000003	-0.0007999999999999952
428	0.2816666666666667	0.041280000000000004	-0.132
429	0.36975	-0.06232	-0.10865000000000001
430	0.5834333333333334	0.45649999999999996	0.40365
431	1.41455	0.26260000000000006	0.87445
432	0.2874	0.06912000000000001	-0.1575
433	0.2632666666666667	0.05616000000000001	-0.10110000000000001
434	0.5440166666666667	0.18624000000000002	-0.2229
435	0.47500000000000003	0.20368000000000003	-0.0959
436	0.41135000000000005	-0.08632000000000001	0.03025
437	0.8674666666666667	-0.14664000000000002	-0.177
438	0.47261666666666663	0.013920000000000021	0.028349999999999993
439	0.4824499999999999	0.18898000000000004	0.24765
440	0.5123166666666666	0.2839	0.193675
441	0.41631666666666667	0.22864	0.06162499999999998
442	0.30129999999999996	0.07477999999999999	-0.1109
443	0.18628333333333333	-0.06324	0.01305
444	1.8358666666666663	-0.49760000000000015	0.4323999999999999
445	0.27873333333333333	-0.13056	-0.06630000000000001
446	0.46199999999999997	-0.18144	0.05399999999999999
447	0.36599999999999994	0.046079999999999996	0.0693
448	0.48701666666666665	0.12828000000000003	-0.28275
449	0.25306666666666666	0.08112	-0.20700000000000002
450	0.7305	0.19299999999999998	-0.348
451	0.7122833333333333	-0.3288	0.6013499999999999
452	0.8032833333333333	0.43668000000000007	-0.13874999999999998
453	0.6456666666666667	0.29904000000000003	-0.0039000000000000146
454	0.6716000000000001	0.45152000000000003	0.26280000000000003
455	0.8942333333333333	0.45859999999999995	0.344
456	0.5758166666666668	0.3094	-0.060950000000000004
457	0.8454833333333335	0.8206000000000001	0.7232500000000001
458	0.2610166666666667	0.0936	0.10364999999999999
459	0.2192833333333333	0.005400000000000002	0.019
460	0.51255	0.05007999999999999	0.022300000000000014
461	0.3468166666666667	-0.13296	-0.23785
462	0.36729999999999996	0.08973999999999997	-0.36124999999999996
463	0.6509166666666666	0.06575999999999996	-0.23162500000000003
464	0.4221833333333333	0.22555999999999993	-0.03187500000000002
465	0.22514999999999996	-0.02092	-0.1041
466	0.29401666666666665	0.08632000000000002	-0.13
467	1.1857333333333333	1.0632	0.8555
468	0.2816666666666667	0.024959999999999993	-0.026400000000000007
469	0.2816666666666667	-0.096	-0.026400000000000007
470	1.3149333333333333	1.1312	1.0139999999999998
471	1.01675	0.5288	-0.06575
472	0.5336666666666667	0.54912	0.5343
473	0.45668333333333333	0.36444000000000004	0.43095000000000006
474	0.6765333333333334	-0.30792	0.16859999999999997
475	0.39535000000000003	0.10296000000000002	0.04595000000000002
476	0.29365	0.12369999999999999	-0.09724999999999999
477	0.6619	-0.10830000000000002	-0.44885
478	1.5831499999999998	-0.1182	-0.77885
479	0.6794333333333333	0.044160000000000005	-0.22870000000000001
480	1.825833333333333	-0.027500000000000035	0.19374999999999998
481	1.0866666666666667	0.22679999999999997	-0.5922000000000001
482	0.8821333333333333	0.18936000000000003	-0.09359999999999993
483	1.3938166666666663	0.2557999999999999	0.1155
484	0.8999333333333333	0.15888	-0.6044999999999999
485	1.8104833333333337	0.15040000000000003	-1.58225
486	1.7181666666666668	0.08660000000000002	-1.578625
487	0.5822833333333333	0.25032	0.37905
488	1.0142166666666668	-0.15079999999999996	-0.38915
489	1.2064166666666665	-0.06540000000000001	0.0363
490	1.1074166666666667	0.40259999999999996	0.18479999999999996
491	0.9572333333333333	0.36379999999999996	0.15362499999999996
492	1.132866666666667	-0.80704	0.034100000000000005
493	1.0530666666666668	-0.00815999999999999	-0.6974
494	0.7749333333333333	0.54608	0.05999999999999998
495	0.7764166666666666	-0.32639999999999997	0.26205
496	0.69955	-0.19515999999999997	-0.51285
497	0.8379333333333333	-0.27984	-0.6669
498	0.6310666666666667	-0.06095999999999994	0.03949999999999998
499	0.7566833333333333	0.07244000000000003	0.07995000000000005
500	0.7125333333333334	-0.23328000000000002	0.5656
501	0.4065666666666666	-0.07754	0.22049999999999997
502	0.5509666666666666	0.07018	-0.44249999999999995
503	0.7655666666666666	0.11220000000000001	0.18237499999999998
504	1.8994833333333332	-0.06019999999999999	-0.29000000000000004
505	1.12115	1.0542000000000002	0.99575
506	1.0014166666666666	-0.41059999999999997	0.8650500000000001
507	0.5464166666666667	0.05544	-0.35139999999999993
508	1.0741500000000002	-0.33331999999999995	0.12849999999999998
509	1.4528166666666664	0.4528	-0.11049999999999996
510	1.4090666666666667	0.8236000000000001	0.3680000000000001
511	1.1100166666666667	0.33248	-0.4252500000000001
512	1.0292000000000001	0.71704	0.7252
513	1.1366	0.54392	0.12029999999999991
514	1.0292000000000001	0.63416	0.8657999999999999
515	1.461	0.84704	0.1805
516	1.6020166666666666	0.5980399999999999	-0.10149999999999999
517	0.8464833333333334	-0.29879999999999995	-0.02835000000000005
518	1.3988000000000003	1.1130399999999998	0.9693999999999999
519	1.3099333333333334	0.96752	0.8102999999999999
520	1.3129333333333333	1.0575199999999998	0.8657999999999999
521	1.5287500000000003	-0.20600000000000004	-0.07250000000000001
522	1.4620833333333334	-0.05400000000000005	0.24875000000000003
523	0.8066166666666668	-0.39324	-0.34115
524	1.2603333333333333	-0.28440000000000004	-0.3457000000000001
525	0.7945333333333333	-0.11463999999999999	-0.5034000000000001
526	1.37035	0.3476	-0.09299999999999997
527	0.6731333333333334	-0.05384	-0.11609999999999995
528	1.3294833333333334	0.382	0.12374999999999997
529	0.7911666666666668	-0.18070000000000003	-0.29450000000000004
530	1.00095	0.20536	-0.5781499999999999
531	0.8506166666666668	0.25836	-0.35039999999999993
532	1.1753166666666668	0.8040999999999998	0.5856250000000001
533	0.91115	-0.03767999999999999	0.07054999999999997
534	1.0507333333333333	-0.09176000000000001	-0.20670000000000005
535	1.3554166666666667	-0.41400000000000003	-0.50375
536	1.0894833333333334	-0.54	0.6597500000000002
537	1.3796	-0.8876000000000002	0.16399999999999995
538	0.9632666666666667	-0.37464000000000003	-0.15170000000000006
539	0.9336833333333336	-0.46456	-0.06495000000000001
540	0.6278833333333333	0.006120000000000013	0.15794999999999998
541	0.7861333333333334	0.26088	-0.29200000000000004
542	0.7232333333333334	0.10330000000000002	0.34825000000000006
543	0.8066166666666668	-0.048240000000000005	-0.34115
544	0.6133666666666667	0.42178000000000004	0.022749999999999992
545	1.5346166666666665	0.7616799999999999	0.08875000000000005
546	1.6621333333333332	-0.12240000000000006	-0.9096
547	1.4275333333333335	-0.20520000000000005	0.26339999999999997
548	0.7062333333333336	-0.38394000000000006	-0.15305000000000002
549	0.9863333333333335	0.5244	0.1412
550	0.7517333333333335	0.56304	0.03770000000000002
551	0.6502833333333334	0.22836000000000004	-0.40365
552	0.5496666666666666	0.20856	-0.12090000000000001
553	0.9382	0.19976000000000008	-0.6669
554	0.9908	-0.45111999999999997	-0.20899999999999996
555	1.0106833333333334	0.4404	0.39125
556	1.0079333333333333	0.4356	0.37250000000000005
557	0.7712166666666667	0.34392000000000006	0.201
558	0.98155	0.3272	-0.32475
559	0.9344833333333334	0.4952000000000002	0.36375
560	0.4735666666666667	0.057060000000000013	-0.203
561	0.7554	0.45736	0.20450000000000002
562	1.1734833333333334	-0.19620000000000007	-0.74025
563	0.7726833333333333	-0.4056	0.0537
564	0.7956166666666667	-0.28852	-0.26075000000000004
565	1.007	-0.3692000000000001	-0.34950000000000014
566	0.5562333333333334	-0.39324000000000003	0.015050000000000022
567	0.73195	-0.23752	-0.62765
568	0.4806333333333334	-0.10132000000000001	-0.0693
569	1.5632333333333335	-0.5911	0.73225
570	0.42114999999999997	-0.09447999999999998	0.05925000000000001
571	1.0908333333333333	-0.11200000000000002	0.4425
572	0.67625	0.037500000000000006	0.09312500000000001
573	1.6425666666666665	0.29769999999999996	-1.0545
574	0.45793333333333336	0.19808000000000003	-0.1125
575	0.44495	0.022319999999999986	0.15965000000000001
576	2.7712000000000003	-1.5247199999999999	1.3439999999999999
577	1.8388833333333332	-1.2864	-0.19515000000000005
578	0.35313333333333335	0.11519999999999997	0.1176
579	0.44606666666666667	0.37776	0.2841
580	0.5115500000000001	0.10504	-0.42315
581	0.7096833333333333	-0.1562	0.19574999999999998
582	0.5802333333333333	0.42998000000000003	-0.04380000000000001
583	1.5014833333333335	0.76988	-0.29955
584	0.44915	0.20964	0.16274999999999998
585	0.5089333333333333	0.48200000000000004	0.41040000000000004
586	0.7521333333333334	0.03647999999999998	0.4284
587	0.6884833333333334	-0.18864	0.2274
588	0.43588333333333334	0.20244	0.07785
589	0.7517333333333335	-0.30984000000000006	-0.2704
590	1.0057666666666665	-0.29640000000000005	-0.48899999999999993
591	1.1261999999999999	1.05568	1.0499999999999998
592	1.0822166666666666	1.0302	0.9240999999999999
593	0.25306666666666666	-0.08904	-0.0558
594	0.3417333333333334	-0.306	0.25540000000000007
595	0.3740833333333334	-0.15576	0.1892
596	0.4727666666666666	-0.43332000000000004	0.461075
597	0.37703333333333333	-0.09072000000000001	-0.020900000000000002
598	1.11755	0.03207999999999998	-0.6165
599	1.0922333333333334	0.23039999999999994	-0.31212499999999993
600	0.642	0.6458400000000001	0.6318
601	0.546	0.4586400000000001	0.5148
602	0.49793333333333334	-0.015600000000000003	0.28980000000000006
603	1.0338833333333333	0.22940000000000005	-0.132
604	1.0940833333333333	0.7154	0.5617500000000001
605	0.6892666666666666	0.09312000000000001	0.2085
606	0.6256166666666666	-0.132	0.03764999999999999
607	0.684	-0.40248	-0.023399999999999976
608	0.6568666666666667	-0.3338399999999999	0.3315
609	0.6046000000000001	-8.00000000000134e-05	-0.015500000000000014
610	0.5789333333333333	-0.21936	-0.1664
611	1.1964666666666666	0.9835200000000001	0.6515
612	0.5496666666666667	-0.33288	0.10470000000000002
613	0.4486833333333334	-0.3305600000000001	0.24435
614	0.4494	0.028080000000000004	0.24570000000000003
615	1.5046833333333334	0.50544	0.73345
616	0.60245	0.27183999999999997	0.396475
617	0.2816666666666667	0.16224	-0.026400000000000007
618	0.9288833333333333	-0.32999999999999996	-0.33649999999999997
619	0.6746666666666665	-0.00911999999999999	-0.4251
620	0.8322833333333332	-0.17819999999999997	-0.6677
621	1.1591999999999998	-1.0452	1.1791999999999998
622	0.8336666666666664	-0.07175999999999991	0.18330000000000007
623	0.9629333333333333	-0.3374399999999999	-0.3587999999999999
624	0.6366833333333333	-0.28523999999999994	-0.07604999999999995
625	0.9201666666666665	-0.7488	0.515375
626	0.7376666666666667	0.0026400000000000646	-0.05069999999999997
627	1.2263333333333333	0.8188000000000001	0.7315
628	0.6094166666666666	-0.20903999999999998	-0.43329999999999996
629	0.7956000000000002	0.04680000000000001	-0.2556
630	0.5935666666666667	-0.45944	0.1405
631	1.4914166666666666	0.34199999999999997	-0.0917
632	0.3531333333333333	0.11519999999999997	0.11759999999999998
633	0.6424	-0.57096	0.5826
634	0.3580166666666667	-0.03704	-0.010049999999999993
635	0.4824	0.13968000000000003	-0.3744
636	0.57455	-0.29356	0.02799999999999999
637	0.5644166666666667	0.2262	0.10860000000000002
638	0.7376666666666667	0.0026400000000000477	-0.3587999999999999
639	0.8379333333333333	-0.06503999999999996	0.2992
640	0.882	0.8330400000000001	0.8892
641	0.6646833333333334	-0.19684	0.23535
642	0.5982666666666667	0.60216	0.6006
643	0.5124000000000001	0.4212000000000001	0.49140000000000006
644	0.5074166666666667	0.38064	0.46605
645	1.4226666666666665	0.4394400000000001	0.24600000000000005
646	0.3204	0.28440000000000004	0.2304
647	1.41455	0.25588000000000005	0.9992500000000001
648	0.2632666666666667	0.11376000000000001	0.023699999999999995
649	0.9715499999999998	0.71548	0.10675000000000001
650	0.36846666666666666	0.23679999999999998	0.09669999999999998
651	0.35253333333333337	-0.06744000000000001	0.1264
652	1.3426833333333335	-0.31464	-0.22185
653	0.3122833333333333	-0.04967999999999999	0.10935
654	0.5834333333333332	0.23040000000000002	0.1443
655	0.3733	0.0432	-0.2457
656	0.5942833333333334	0.18719999999999998	0.04340000000000001
657	0.5753166666666667	0.3249399999999999	0.442
658	0.60245	0.2651199999999999	0.410125
659	0.24903333333333333	0.1554	-0.044974999999999994
660	0.5440166666666666	0.37632000000000004	-0.06329999999999998
661	0.34528333333333333	0.0824	0.13845000000000002
662	1.3244166666666666	0.15916000000000005	0.4564999999999999
663	0.6382666666666666	0.41496000000000005	0.22820000000000007
664	0.50795	-0.20944000000000002	0.0631
665	0.6	0.32080000000000003	0.1699
666	0.7566833333333333	-0.24803999999999995	-0.05629999999999996
667	0.47435	-0.13264000000000004	0.28285000000000005
668	0.41640000000000005	0.23400000000000004	0.3744
669	0.3204	0.11879999999999999	0.2304
670	0.31043333333333334	0.07956	0.307075
671	0.5840333333333333	0.07946	0.18285
672	0.34030000000000005	0.0215	0.09490000000000004
673	0.492	-0.27071999999999996	0.16019999999999998
674	0.16726666666666667	-0.0252	-0.003300000000000001
675	0.9905666666666666	0.40680000000000005	-0.15799999999999997
676	0.31043333333333334	0.14688000000000004	0.20670000000000002
677	0.6637333333333335	-0.09504000000000003	0.16910000000000003
678	0.7971333333333335	-0.07480000000000002	0.4221000000000001
679	0.7512666666666666	-0.54552	0.2832
680	0.6639666666666667	-0.25550000000000006	-0.33975
681	1.7850666666666666	-0.35575999999999997	-0.1612
682	0.9304666666666668	-0.25895999999999997	-0.056099999999999955
683	0.6185333333333335	-0.00935999999999999	0.039000000000000035
684	0.3592666666666667	0.05136000000000002	0.04290000000000001
685	0.3262666666666667	0.07512	0.1716
686	1.2674166666666666	-0.20592000000000002	0.12940000000000002
687	0.28814999999999996	-0.15075999999999998	0.12010000000000003
688	0.3701666666666666	0.0061799999999999815	0.09350000000000001
689	0.6731333333333334	0.25216000000000005	0.1839
690	0.16579999999999998	0.15896000000000002	0.1512
691	0.33113333333333334	0.33240000000000003	0.31679999999999997
692	0.37155000000000005	-0.09292000000000002	-0.1511
693	0.459	0.21311999999999998	-0.018000000000000016
694	1.3294833333333334	0.08799999999999994	-0.42000000000000004
695	1.1302166666666669	0.357	0.53985
696	1.0070000000000001	-0.5936000000000001	-0.14050000000000004
697	0.7116666666666666	-0.13824	0.2515
698	0.6709499999999999	0.015799999999999977	0.12040000000000006
699	0.2800666666666667	-0.0816	-0.1191
700	0.8342166666666667	0.09268	0.13125000000000003
701	1.2796833333333333	-0.53592	-0.33
702	0.3313	-0.07516	-0.15839999999999999
703	0.35529999999999995	0.020640000000000002	0.017624999999999974
704	0.2492833333333333	0.05251999999999999	-0.005400000000000002
705	0.36941666666666667	0.15780000000000002	0.12165000000000001
706	0.7620166666666668	-0.3694800000000001	0.015249999999999958
707	1.1385666666666667	0.37484	-0.13149999999999998
708	1.1366	0.47791999999999996	0.09749999999999992
709	0.5074333333333333	-0.03518000000000001	0.12725
710	0.29829999999999995	0.12469999999999999	-0.10459999999999997
711	0.5760333333333333	-0.048519999999999994	-0.14250000000000002
712	0.6283500000000001	-0.08564000000000001	-0.34205
713	0.5857	-0.15508000000000002	0.01800000000000001
714	0.6360666666666668	-0.0833	0.08239999999999995
715	0.4097666666666666	-0.15680000000000002	0.08187499999999998
716	0.48163333333333336	-0.31584	0.02990000000000001
717	0.5770166666666666	-0.07152000000000001	0.0059999999999999915
718	0.6230333333333332	-0.5119199999999999	0.3819000000000001
719	0.7220333333333334	0.10068000000000002	-0.41685
720	1.3786833333333333	-0.5904	0.14310000000000006
721	0.44931666666666664	0.08973999999999999	-0.22805
722	0.53555	-0.25440000000000007	0.0535
723	0.60245	0.24230000000000002	0.40365
724	1.41455	0.22520000000000007	0.5089500000000001
725	0.39296666666666663	-0.14672000000000002	-0.21894999999999998
726	0.3658333333333333	-0.17400000000000002	-0.1722
727	0.22515	-0.05832	-0.057350000000000005
728	0.36368333333333336	0.04688	-0.186
729	1.5138166666666664	0.002800000000000047	0.031000000000000028
730	0.7463666666666668	0.49635999999999986	-0.165025
731	1.2316666666666667	1.1644999999999999	0.99875
732	1.0915499999999998	0.31628	-0.37699999999999995
733	0.60245	0.25994	0.11385000000000003
734	0.36405	0.29232	0.1487
735	0.38843333333333335	0.29004	0.10832499999999998
736	0.4603	0.20851999999999998	0.28397500000000003
737	0.59855	-0.15036000000000005	0.03484999999999999
738	0.4031666666666667	-0.008799999999999985	0.08645000000000003
739	0.4851833333333333	0.14814	1.3877787807814457e-17
740	0.27494999999999997	0.12503999999999998	-0.011750000000000017
741	0.8208166666666666	-0.21584000000000003	0.1662
742	0.4074499999999999	-0.06119999999999999	0.33425
743	0.70505	-0.28582	0.11250000000000002
744	0.44931666666666664	0.08974	-0.2748
745	1.5236999999999998	0.4997	0.45765000000000006
746	0.8643833333333334	0.62598	0.13512499999999997
747	0.48206666666666664	0.42985999999999996	0.31985
748	0.50645	0.42302	0.27947500000000003
749	0.5753166666666667	0.3249399999999999	0.461425
750	0.58805	0.24349999999999997	0.196475
751	0.5943333333333333	0.3368399999999999	0.221
752	0.7338999999999999	0.28118	0.048100000000000004
753	0.70505	-0.12092000000000003	0.127375
754	0.6024499999999999	0.2542	0.150775
755	0.4163166666666666	0.3352	0.14202499999999998
756	0.4793166666666666	0.26968	0.19872499999999998
757	0.47631666666666667	0.18551999999999993	0.29892499999999994
758	0.4163166666666666	0.10910000000000002	-0.09384999999999999
759	0.3613	0.10646	0.0259
760	0.30129999999999996	0.1391	0.022299999999999997
761	0.49090000000000006	0.01941999999999999	0.29380000000000006
762	0.47631666666666667	0.020619999999999993	0.28405
763	0.47931666666666667	0.25414	-0.03715000000000001
764	1.5802833333333333	0.34052	-1.0284
765	0.1860333333333333	0.005520000000000002	-0.06567499999999998
766	0.5440166666666667	0.16883999999999996	-0.3324
767	0.3583	0.018	0.0014249999999999645
768	0.34723333333333334	0.14712	0.10980000000000002
769	0.1532833333333333	0.024839999999999997	0.022949999999999998
770	0.4163166666666666	0.10909999999999997	-0.23409999999999997
771	0.2432833333333333	-0.03516000000000001	-0.035750000000000004
772	0.19215000000000002	0.01956	-0.02765
773	1.4629666666666665	-0.014100000000000001	0.6251
774	1.0533666666666666	0.79742	0.7214999999999999
775	0.9039000000000001	-0.09830000000000001	-0.14924999999999997
776	0.4735666666666667	-0.07314000000000001	0.2333
777	0.7402833333333333	0.07411999999999998	0.051600000000000035
778	0.9154833333333334	-0.010599999999999988	-0.006749999999999992
779	0.8912166666666668	0.2494	0.19865
780	0.8459666666666665	-0.24894	0.46185
781	0.2852833333333333	0.119	0.044399999999999995
782	0.3482833333333333	-0.001960000000000006	-0.1068
783	0.4412833333333333	0.09308000000000001	0.30225
784	0.43455	-0.23668	0.36765000000000003
785	0.39429999999999993	-0.20547999999999997	0.35370000000000007
786	0.3973	0.03476	-0.0839
787	1.712416666666667	0.03603999999999998	-0.1245
788	1.7227	0.8516999999999999	0.1094
789	1.4652666666666667	-0.056400000000000006	-0.948
790	1.8348666666666666	-0.03192000000000004	-0.6996
791	1.6691333333333336	-0.19944000000000006	0.7605000000000001
792	1.917883333333333	-0.36300000000000016	-0.03310000000000002
793	1.7781999999999998	-0.6582399999999999	-0.3399
794	2.1466666666666665	0.040000000000000036	-0.2425
795	2.1046666666666662	-0.18000000000000002	-0.7278
796	1.85515	0.49240000000000006	-1.079
797	1.6243166666666664	0.1749	-0.8294999999999999
798	1.4277	0.7035200000000001	0.6012250000000001
799	1.8786666666666665	-0.15440000000000004	-0.0935
800	1.6116	-0.57496	0.3042
801	1.3434333333333333	-0.27504	0.4052
802	0.6274166666666666	0.13032	0.31229999999999997
803	0.27873333333333333	-0.05376000000000001	-0.2343
804	0.5269666666666667	-0.08452000000000004	-0.04974999999999999
805	0.42501666666666676	0.30936	0.28275000000000006
806	0.16701666666666667	-0.09996000000000001	0.03105
807	1.0729333333333333	1.08392	0.96
808	0.6695666666666668	-0.20460000000000003	0.347375
809	0.6702833333333333	0.28828	-0.05264999999999995
810	0.4060166666666667	0.14388000000000006	0.12825000000000003
811	0.8774000000000001	-0.47576	-0.45120000000000005
812	0.7420166666666667	-0.41548000000000007	0.17520000000000002
813	0.537	0.42712000000000006	0.3379
814	0.54615	0.02632000000000001	-0.21275
815	0.429	0.16631999999999997	-0.252
816	1.0111999999999999	-0.4964799999999999	-0.09049999999999997
817	0.429	-0.12383999999999999	-0.0819
818	0.1944	0.004320000000000004	-0.171
819	0.3343	0.026379999999999994	-0.27094999999999997
820	0.9783333333333334	0.4191999999999999	-0.0635
821	0.7895666666666666	-0.5029000000000001	0.20299999999999996
822	0.7654	-0.1316	-0.4959
823	0.5681999999999999	-0.19327999999999995	-0.024600000000000007
824	1.3266666666666667	0.21679999999999994	-0.4484999999999999
825	0.8038833333333333	-0.4908	-0.25515
826	0.41253333333333336	-0.11088	0.1326
827	0.25306666666666666	-0.04368000000000001	-0.0918
828	1.0002	0.7036	0.32739999999999997
829	0.2902666666666666	0.08184	0.011999999999999983
830	0.5506666666666666	0.13728	-0.10649999999999998
831	0.6416666666666666	-0.012479999999999958	0.1593
832	0.46841666666666665	0.12588000000000002	0.016799999999999995
833	0.27873333333333333	0.17528000000000002	-0.03900000000000001
834	0.31043333333333334	0.17316000000000004	0.17385000000000003
835	0.43954999999999994	-0.0522	-0.0032000000000000084
836	0.48743333333333333	0.14604	-0.016799999999999968
837	0.47345	0.47090000000000004	0.419725
838	1.3947000000000003	0.8108000000000001	0.741475
839	1.993333333333333	0.03279999999999998	-0.7985
840	0.9525333333333333	-0.6264	0.12040000000000001
841	0.6745500000000001	-0.50492	0.37374999999999997
842	0.3204	0.30600000000000005	0.2574
843	0.7562666666666665	-0.28991999999999996	-0.2565
844	0.51595	-0.38732	0.29785
845	0.2950833333333333	0.19844	0.14835
846	0.04413333333333333	-0.01512	-0.027000000000000003
847	0.4055	-0.3816800000000001	0.2754
848	0.6641666666666666	-0.2434	0.37587499999999996
849	0.7770833333333332	0.07859999999999996	-0.39849999999999997
850	1.1254166666666665	-0.21839999999999998	-0.734
851	0.8654166666666666	0.4572	0.0040000000000000036
852	0.6366833333333334	0.33311999999999997	-0.2545
853	0.8270833333333334	0.3336	0.11824999999999997
854	0.5116833333333334	0.25152	-0.19525
855	0.5391666666666667	-0.2098	0.290375
856	0.6258333333333334	-0.2414	0.345375
857	0.7651500000000001	-0.05039999999999998	-0.4754
858	0.5364166666666667	-0.17447999999999997	-0.2921
859	0.31043333333333334	0.14688000000000004	0.20670000000000002
860	0.21443333333333334	0.07356	0.1917
861	0.4389	-0.1722	-0.18902499999999997
862	0.5255666666666666	-0.20379999999999998	-0.22802499999999995
863	0.7841666666666666	-0.06929999999999999	-0.49325
864	0.5554333333333333	-0.19337999999999997	-0.2935
865	1.792083333333333	-0.48840000000000006	-1.0390000000000001
866	0.4099833333333334	0.22230000000000003	-0.03900000000000001
867	0.6520833333333332	-0.4164	0.41450000000000004
868	0.6520833333333333	0.246	-0.43600000000000005
869	0.8874833333333333	0.5788	0.17800000000000002
870	1.2358166666666666	0.27080000000000004	-0.2069999999999999
871	1.9024833333333333	-0.009200000000000052	-0.5569999999999999
872	1.0004166666666667	0.10080000000000004	-0.7385
873	0.9095666666666667	-0.10619999999999993	-0.49700000000000005
874	1.6670833333333333	-0.031200000000000026	-1.0135
875	1.0004166666666667	-0.9663999999999999	0.63175
876	1.6670833333333333	-1.4663999999999997	0.82925
877	0.5391666666666667	-0.2098	0.290375
878	0.44685	-0.20400000000000001	0.216425
879	0.5335166666666666	-0.23559999999999998	0.25692499999999996
880	0.7462	0.13880000000000003	0.2806
881	0.6309666666666667	-0.38530000000000003	0.11360000000000003
882	0.32808333333333334	0.25339999999999996	0.2616
883	0.5690166666666667	-0.13856000000000002	-0.19840000000000002
884	0.5662666666666668	-0.13976	-0.2086
885	0.42226666666666673	0.31512	0.2886
886	0.16726666666666667	-0.025199999999999993	-0.046200000000000005
887	0.40923333333333334	0.06748000000000001	-0.1448
888	0.6845	0.03323999999999999	-0.09299999999999999
889	0.5468333333333334	0.08859999999999998	-0.11599999999999999
890	0.30538333333333334	0.11489999999999997	-0.04125
891	0.34043333333333337	0.07683999999999999	0.107625
892	0.7554333333333334	0.4466	-0.2005
893	1.0242166666666666	1.01092	0.8417499999999999
894	0.6762833333333335	-0.34271999999999997	0.49934999999999996
895	0.7731	-0.19508000000000003	0.08467499999999997
896	0.8942333333333333	0.4677999999999999	0.34775
897	0.8454833333333335	0.8268000000000001	0.7232500000000002
898	0.5129833333333332	0.010100000000000008	-0.393875
899	1.5111666666666668	0.24303999999999998	-0.10149999999999999
900	1.0875	-0.05400000000000001	-0.07000000000000002
901	0.53855	-0.07124	-0.28409999999999996
902	0.7620166666666668	-0.38604000000000005	0.03804999999999997
903	0.6682500000000001	-0.32006000000000007	-0.23900000000000005
904	0.9858166666666667	-0.46860000000000007	-0.14075
905	1.0164166666666665	-0.07476000000000002	-0.5662499999999999
906	0.4742833333333334	0.05092000000000001	-0.07735
907	0.40643333333333337	0.26676	0.32370000000000004
908	0.2627	0.13026	-0.08739999999999999
909	1.4793	0.4239	-0.76315
910	0.6393	0.15749999999999997	0.27185000000000004
911	1.5111666666666668	0.39104	-0.1015
912	1.4469666666666667	0.5334800000000001	0.2925
913	0.5679833333333333	0.0763	0.35925
914	0.6442333333333333	0.5853000000000002	0.41475000000000006
915	0.40998333333333337	0.19370000000000004	-0.09075000000000001
916	0.405	0.22100000000000003	-0.05500000000000001
917	0.8338166666666668	0.17940000000000003	0.247
918	0.8095500000000001	0.4497999999999999	0.4524
919	2.0987500000000003	0.21300000000000008	0.08749999999999991
920	0.9759000000000001	-0.17480000000000004	-0.767
921	0.40998333333333337	0.19370000000000004	-0.07475
922	1.8270999999999997	-0.5928000000000001	-1.070875
923	0.8023333333333333	0.34056	0.17000000000000004
924	0.47435000000000005	0.19124000000000002	-0.29055000000000003
925	1.30865	0.1807	0.010374999999999999
926	1.0200166666666668	-0.10695999999999999	0.26550000000000007
927	0.5269666666666667	-0.06502000000000001	-0.35200000000000004
928	0.7785500000000002	-0.19512000000000002	0.08975000000000005
929	1.3312666666666668	-0.9776	0.27149999999999996
930	0.9632666666666667	-0.37464000000000003	-0.4742
931	1.23015	0.8022	0.21850000000000003
932	0.7212666666666667	0.38280000000000003	0.06000000000000001
933	0.5392833333333333	-0.042479999999999976	-0.2459
934	0.5379333333333334	0.15224	0.050699999999999995
935	0.7792	0.16112	0.4756
936	2.09875	0.24900000000000003	0.08749999999999998
937	1.1488333333333334	0.8298	0.5408000000000001
938	1.5091999999999999	0.6735199999999999	0.4199999999999999
939	1.0138833333333335	-0.11772000000000005	-0.6417499999999999
940	0.9339333333333334	-0.02495999999999996	-0.18329999999999996
941	0.7086666666666668	0.31512	0.24180000000000001
942	1.5593666666666668	0.07610000000000001	-0.16489999999999996
943	1.5566166666666668	0.07567999999999993	-0.14029999999999998
944	0.7536166666666665	0.24051999999999998	-0.049100000000000005
945	0.41255	0.032839999999999994	-0.29675
946	0.8800333333333334	0.16041999999999995	0.43024999999999997
947	0.7654000000000001	-0.1316	0.1366
948	0.6169333333333334	-0.19464000000000004	-0.4434
949	0.5829333333333333	0.09047999999999998	-0.126
950	1.0574999999999999	0.34199999999999997	0.735
951	0.7631166666666668	0.1401	-0.6293500000000001
952	0.8025666666666668	0.031299999999999994	-0.019500000000000017
953	0.44298333333333334	0.07930000000000001	-0.0395
954	0.6442333333333333	0.33230000000000004	0.0985
955	0.6112333333333334	0.18090000000000006	-0.09075000000000001
956	0.5758166666666668	0.22876	-0.29495
957	0.5916833333333334	0.36896000000000007	-0.020700000000000003
958	0.7020833333333334	0.50144	0.24850000000000008
959	0.8124833333333336	0.7168000000000001	0.5417500000000001
960	0.4329666666666667	-0.1254	0.06137499999999999
961	0.5283000000000001	-0.22108	0.20047500000000001
962	0.39094999999999996	0.344	0.3856
963	0.3240166666666667	0.043920000000000015	-0.07485000000000001
964	0.6099833333333334	-0.19466	0.03239999999999997
965	0.5769833333333333	-0.34646000000000005	0.30135
966	0.5786333333333332	0.04623999999999998	-0.42255
967	0.5173500000000001	0.09652000000000002	-0.43585000000000007
968	0.8189666666666667	0.0017199999999999882	0.6246499999999999
969	0.5899333333333333	-0.37784	-0.05249999999999999
970	0.38493333333333335	0.28136	0.05460000000000001
971	0.26626666666666665	0.08831999999999997	0.05279999999999997
972	0.23326666666666665	0.07031999999999998	-0.02640000000000001
973	0.5123166666666666	0.35306000000000004	0.189125
974	0.4163166666666666	0.26295999999999997	0.06162499999999998
975	0.30716666666666664	0.1091	-0.17425
976	0.19215000000000002	-0.02892	-0.050300000000000004
977	0.8490000000000001	0.24344000000000002	-0.5538
978	0.8403333333333332	-0.25896	-0.2705999999999999
979	1.2842	0.4711999999999999	0.5678999999999998
980	0.4595333333333334	0.23768000000000003	-0.24180000000000004
981	0.48163333333333336	-0.45348000000000005	0.482775
982	0.6375500000000001	-0.1558	0.05265
983	0.25828333333333336	0.06684000000000002	-0.1323
984	0.35253333333333337	-0.13296000000000002	0.09390000000000003
985	0.3122833333333333	-0.11520000000000001	0.08595000000000001
986	0.5945666666666667	-0.17888	0.022300000000000014
987	0.37248333333333333	-0.25464000000000003	-0.09555
988	0.3658333333333333	-0.25044	-0.08574999999999999
989	0.22515	-0.12747999999999998	-0.014449999999999998
990	0.4031666666666667	-0.07795999999999999	0.091
991	0.3401666666666667	0.08974	-0.22804999999999997
992	0.7139166666666666	-0.14640000000000003	0.03612499999999999
993	0.3671666666666667	-0.003180000000000008	0.06305000000000001
994	0.38918333333333327	0.07733999999999999	-0.1275
995	0.25814999999999994	0.02871999999999999	0.003700000000000002
996	0.16726666666666667	0.012240000000000006	-0.046200000000000005
997	0.30716666666666664	0.09861999999999999	-0.13774999999999998
998	0.5841666666666666	-0.091	0.500875
999	0.54655	-0.23551999999999995	-0.3061
1000	0.338	0.013520000000000022	0.06760000000000002
1001	0.9311785714285713	-0.18553846153846149	-0.07986666666666671
1002	0.7672700000000001	-0.044589473684210526	-0.49307777777777784
1003	0.42628000000000005	0.11411111111111108	0.1738625
1004	0.41087999999999997	0.08586666666666663	0.2041375
1005	0.34539000000000003	-0.018966666666666677	-0.047674999999999995
1006	0.41088	-0.018966666666666673	0.02800000000000001
1007	0.34539000000000003	-0.018966666666666673	0.0862
1008	0.41088	0.08586666666666665	0.07026249999999999
1009	1.2679300000000002	-0.041999999999999996	-0.008500000000000014
1010	0.8460100000000003	-0.2544	-0.308125
1011	1.04176	-0.4152888888888888	-0.1915
1012	0.71248	-0.37608888888888886	-0.1112
1013	1.15301	-0.11879999999999999	-0.17494999999999997
1014	0.85326	0.09586666666666664	-0.46432500000000004
1015	0.89786	0.12415555555555555	-0.617
1016	0.77317	-0.14891111111111113	-0.24567500000000003
1017	0.9088899999999999	0.5017555555555556	0.28245000000000003
1018	1.01672	0.7501777777777777	0.7565
1019	1.0167199999999998	0.7349777777777777	0.5705
1020	0.76573	0.34742222222222213	0.26375
1021	0.8281400000000001	0.1002	-0.0004750000000000136
1022	0.6179100000000001	0.24637777777777778	0.08974999999999998
1023	0.73866	-0.15484444444444448	0.07824999999999999
1024	0.8594100000000001	-0.08700000000000004	-0.12310000000000001
1025	1.08297	-0.009800000000000007	-0.17272500000000007
1026	1.01792	0.41982222222222215	0.06354999999999994
1027	1.10046	0.2696777777777777	-0.026975000000000075
1028	0.8639800000000001	0.26796666666666663	0.12377499999999995
1029	0.6392300000000001	0.17707777777777775	0.35037499999999994
1030	0.72754	0.42971111111111104	0.5855249999999999
1031	0.9652100000000001	0.14564444444444447	0.19542499999999993
1032	0.9419600000000001	-0.12742222222222224	-0.055200000000000055
1033	1.20096	-0.8222222222222223	0.07364999999999994
1034	1.2805333333333333	-0.09687999999999994	-0.3906
1035	1.2178166666666668	-0.37560000000000004	-1.07125
1036	1.0222	-0.1751666666666667	-0.5008000000000001
